{
  "project_info": {
    "project_number": "514174843812",
    "firebase_url": "https://doctor-app-firebase.firebaseio.com",
    "project_id": "doctor-app-firebase",
    "storage_bucket": "doctor-app-firebase.appspot.com"
  },
  "client": [
    {
      "client_info": {
        "mobilesdk_app_id": "1:514174843812:android:0ad9182830c94356df5f31",
        "android_client_info": {
          "package_name": "bhola.com.doctor_app_firebase"
        }
      },
      "oauth_client": [
        {
          "client_id": "514174843812-56p93aiuovn774v5j1gslltdhjtno5lb.apps.googleusercontent.com",
          "client_type": 3
        }
      ],
      "api_key": [
        {
          "current_key": "AIzaSyAMf8FJi7GfJlfiOzNEN2AizfW1phO8mgs"
        }
      ],
      "services": {
        "appinvite_service": {
          "other_platform_oauth_client": [
            {
              "client_id": "514174843812-56p93aiuovn774v5j1gslltdhjtno5lb.apps.googleusercontent.com",
              "client_type": 3
            }
          ]
        }
      }
    },
    {
      "client_info": {
        "mobilesdk_app_id": "1:514174843812:android:21579caa9463a69fdf5f31",
        "android_client_info": {
          "package_name": "com.example.doctorconsultantapp"
        }
      },
      "oauth_client": [
        {
          "client_id": "514174843812-56p93aiuovn774v5j1gslltdhjtno5lb.apps.googleusercontent.com",
          "client_type": 3
        }
      ],
      "api_key": [
        {
          "current_key": "AIzaSyAMf8FJi7GfJlfiOzNEN2AizfW1phO8mgs"
        }
      ],
      "services": {
        "appinvite_service": {
          "other_platform_oauth_client": [
            {
              "client_id": "514174843812-56p93aiuovn774v5j1gslltdhjtno5lb.apps.googleusercontent.com",
              "client_type": 3
            }
          ]
        }
      }
    }
  ],
  "configuration_version": "1"
}